delta_x_state,bias
T_in,0.9691264913511566
H_in,0.7799359017088067
C_in,0.1191997487578906
L_DLI,0.02097120838616062
