x_state,bias
T_in,0.4229931809883531
H_in,0.3498068381806583
C_in,0.2842373648534076
L_DLI,0.0202039951068862
