delta_x_state,T_in,H_in,C_in,L_DLI
T_in,-0.09087555881526332,0.0151262901303906,0.002046551614709311,7.017721963566331e-05
H_in,0.01072090737722004,-0.148506298523009,-0.008339732673185486,-4.898155344112985e-05
C_in,0.0003497106943316684,-0.0005281612137083861,-1.051696135214784,-9.195886205858568e-05
L_DLI,-2.734032468883419e-06,-8.144490462628693e-06,-3.276210326047907e-06,2.227964185084484e-06
