delta_x_state,U_heat,U_fan,U_nat,U_pad,U_dos,U_LED,U_hum,U_dehum,U_scre_shad,U_scre_warm
T_in,0.5669792545791298,-2.362717423696287,-0.2058603834917722,-0.2567941416352804,-0.0002625804514574885,0.09452669739069806,-0.07726892145273423,0.004974057113902094,-0.04792236177825857,0.04909216677466386
H_in,-0.01301846277188248,-1.615750965206682,-0.2164369066685776,0.265810283142297,-0.001973605622324898,0.003643608363208534,0.07872115302636379,-0.07623280058224433,-0.04049284992349259,0.007792364638399094
C_in,-0.0160219601666276,0.5434763625491771,-0.04910630365204671,-0.01959542090593991,0.05526667254193073,-0.000331888998509565,-0.001885282545084795,0.009340346776952189,0.01277258352562924,0.002513701690745979
L_DLI,4.264742622063484e-06,4.847281915065312e-05,1.292410093591712e-05,-3.795660840575096e-05,-6.267496053817872e-05,0.03814742994699184,-9.739808722995055e-05,-6.493857656538881e-05,-0.0418601476242144,0.0002221843695002386
